Timestamp,FlowID,In Port,L4 Protocol,L4 Dest,Total Fwd Packets,Total Backward Packets,Total Length of Fwd Packets,Total Length of Bwd Packets,Fwd IAT Mean,Fwd IAT Std,Fwd IAT Max,Fwd IAT Min,Bwd IAT Mean,Bwd IAT Std,Bwd IAT Max,Bwd IAT Min,Fwd PSH Flags,Bwd PSH Flags,Fwd URG Flags,Bwd URG Flags,Average Packet Size,Avg Fwd Segment Size,Avg Bwd Segment Size
1620108260,-8082834869807887126,1,tcp,3389,1,1,58,54,0,0.0,0,0,0,0.0,0,0,0,0,0,0,56.0,58.0,54.0
1620108260,2880315976485950436,1,tcp,1723,1,1,58,54,0,0.0,0,0,0,0.0,0,0,0,0,0,0,56.0,58.0,54.0
1620108260,3366637303647081675,1,tcp,1025,1,1,58,54,0,0.0,0,0,0,0.0,0,0,0,0,0,0,56.0,58.0,54.0
1620108260,3515660092599863614,1,tcp,143,1,1,58,54,0,0.0,0,0,0,0.0,0,0,0,0,0,0,56.0,58.0,54.0
1620108260,-7891331075977340460,1,tcp,5900,1,1,58,54,0,0.0,0,0,0,0.0,0,0,0,0,0,0,56.0,58.0,54.0
1620108260,-4845046382327253651,1,tcp,21,1,1,58,54,0,0.0,0,0,0,0.0,0,0,0,0,0,0,56.0,58.0,54.0
1620108260,3686027656363101365,1,tcp,554,1,1,58,54,0,0.0,0,0,0,0.0,0,0,0,0,0,0,56.0,58.0,54.0
1620108260,-8731909689201610213,1,tcp,113,1,1,58,54,0,0.0,0,0,0,0.0,0,0,0,0,0,0,56.0,58.0,54.0
1620108260,-6026903181173092524,1,tcp,139,1,1,58,54,0,0.0,0,0,0,0.0,0,0,0,0,0,0,56.0,58.0,54.0
1620108260,6535307258259680578,1,tcp,22,1,1,58,54,0,0.0,0,0,0,0.0,0,0,0,0,0,0,56.0,58.0,54.0
1620108260,-1704922052763344053,1,tcp,443,1,1,58,54,0,0.0,0,0,0,0.0,0,0,0,0,0,0,56.0,58.0,54.0
1620108260,-5256308200578197862,1,tcp,993,1,1,58,54,0,0.0,0,0,0,0.0,0,0,0,0,0,0,56.0,58.0,54.0
1620108260,4667123276826597656,1,tcp,25,1,1,58,54,0,0.0,0,0,0,0.0,0,0,0,0,0,0,56.0,58.0,54.0
1620108260,3213465444477866775,1,tcp,111,1,1,58,54,0,0.0,0,0,0,0.0,0,0,0,0,0,0,56.0,58.0,54.0
1620108260,6416340829684230047,1,tcp,3306,1,1,58,54,0,0.0,0,0,0,0.0,0,0,0,0,0,0,56.0,58.0,54.0
1620108260,-314371605291903292,1,tcp,8888,1,1,58,54,0,0.0,0,0,0,0.0,0,0,0,0,0,0,56.0,58.0,54.0
1620108260,-2353545976108847353,1,tcp,135,1,1,58,54,0,0.0,0,0,0,0.0,0,0,0,0,0,0,56.0,58.0,54.0
1620108260,5523863605025339514,1,tcp,8080,1,1,58,54,0,0.0,0,0,0,0.0,0,0,0,0,0,0,56.0,58.0,54.0
1620108260,1891872210536838910,1,tcp,110,1,1,58,54,0,0.0,0,0,0,0.0,0,0,0,0,0,0,56.0,58.0,54.0
1620108260,-6492090003100104999,1,tcp,199,1,1,58,54,0,0.0,0,0,0,0.0,0,0,0,0,0,0,56.0,58.0,54.0
1620108260,-5801707696377278637,1,tcp,445,1,1,58,54,0,0.0,0,0,0,0.0,0,0,0,0,0,0,56.0,58.0,54.0
1620108260,-6022597547045746171,1,tcp,995,1,1,58,54,0,0.0,0,0,0,0.0,0,0,0,0,0,0,56.0,58.0,54.0
1620108260,-4871715241260406745,1,tcp,1720,1,1,58,54,0,0.0,0,0,0,0.0,0,0,0,0,0,0,56.0,58.0,54.0
1620108260,-8149272115969186036,1,tcp,23,1,1,58,54,0,0.0,0,0,0,0.0,0,0,0,0,0,0,56.0,58.0,54.0
1620108260,3085140570393924038,1,tcp,53,1,1,58,54,0,0.0,0,0,0,0.0,0,0,0,0,0,0,56.0,58.0,54.0
1620108260,1154005185368143986,1,tcp,80,1,1,58,54,0,0.0,0,0,0,0.0,0,0,0,0,0,0,56.0,58.0,54.0
1620108260,1908859347723432541,1,tcp,587,1,1,58,54,0,0.0,0,0,0,0.0,0,0,0,0,0,0,56.0,58.0,54.0
1620108260,4439407316600915685,1,tcp,464,1,1,58,54,0,0.0,0,0,0,0.0,0,0,0,0,0,0,56.0,58.0,54.0
1620108260,-7317973182513241530,1,tcp,8009,1,1,58,54,0,0.0,0,0,0,0.0,0,0,0,0,0,0,56.0,58.0,54.0
1620108260,5499617735738039549,1,tcp,49154,1,1,58,54,0,0.0,0,0,0,0.0,0,0,0,0,0,0,56.0,58.0,54.0
1620108260,-4595682971449487692,1,tcp,515,1,1,58,54,0,0.0,0,0,0,0.0,0,0,0,0,0,0,56.0,58.0,54.0
1620108260,-3189195033689975163,1,tcp,514,1,1,58,54,0,0.0,0,0,0,0.0,0,0,0,0,0,0,56.0,58.0,54.0
1620108260,-6117413279922479572,1,tcp,6001,2,2,116,108,0.25,0.25,0.5,0,0.25,0.25,0.5,0,0,0,0,0,56.0,58.0,54.0
1620108260,278929392841580501,1,tcp,8010,1,1,58,54,0,0.0,0,0,0,0.0,0,0,0,0,0,0,56.0,58.0,54.0
1620108260,-1320857789553340526,1,tcp,9100,1,1,58,54,0,0.0,0,0,0,0.0,0,0,0,0,0,0,56.0,58.0,54.0
1620108260,-470131088957996794,1,tcp,5357,1,1,58,54,0,0.0,0,0,0,0.0,0,0,0,0,0,0,56.0,58.0,54.0
1620108260,-5514572011198389960,1,tcp,82,1,1,58,54,0,0.0,0,0,0,0.0,0,0,0,0,0,0,56.0,58.0,54.0
1620108260,-3106078441687639351,1,tcp,1998,1,1,58,54,0,0.0,0,0,0,0.0,0,0,0,0,0,0,56.0,58.0,54.0
1620108260,-1585104265627128528,1,tcp,8008,1,1,58,54,0,0.0,0,0,0,0.0,0,0,0,0,0,0,56.0,58.0,54.0
1620108260,8002898951499347036,1,tcp,427,2,2,116,108,0.25,0.25,0.5,0,0.25,0.25,0.5,0,0,0,0,0,56.0,58.0,54.0
1620108260,-8509348519799022014,1,tcp,544,1,1,58,54,0,0.0,0,0,0,0.0,0,0,0,0,0,0,56.0,58.0,54.0
1620108260,-5468913048062719699,1,tcp,1024,1,1,58,54,0,0.0,0,0,0,0.0,0,0,0,0,0,0,56.0,58.0,54.0
1620108260,-28145883835332888,1,tcp,389,1,1,58,54,0,0.0,0,0,0,0.0,0,0,0,0,0,0,56.0,58.0,54.0
1620108260,81433664504587643,1,tcp,543,1,1,58,54,0,0.0,0,0,0,0.0,0,0,0,0,0,0,56.0,58.0,54.0
1620108260,5587514313242622379,1,tcp,13,1,1,58,54,0,0.0,0,0,0,0.0,0,0,0,0,0,0,56.0,58.0,54.0
1620108260,3359395572250903369,1,tcp,631,1,1,58,54,0,0.0,0,0,0,0.0,0,0,0,0,0,0,56.0,58.0,54.0
1620108260,-181422189648203743,1,tcp,1033,1,1,58,54,0,0.0,0,0,0,0.0,0,0,0,0,0,0,56.0,58.0,54.0
1620108260,-4044683058218434385,1,tcp,1234,1,1,58,54,0,0.0,0,0,0,0.0,0,0,0,0,0,0,56.0,58.0,54.0
1620108260,2375633267889079791,1,tcp,1,1,1,58,54,0,0.0,0,0,0,0.0,0,0,0,0,0,0,56.0,58.0,54.0
1620108260,-6307960123392396443,1,tcp,1049,1,1,58,54,0,0.0,0,0,0,0.0,0,0,0,0,0,0,56.0,58.0,54.0
1620108260,5736960627531583234,1,tcp,79,1,1,58,54,0,0.0,0,0,0,0.0,0,0,0,0,0,0,56.0,58.0,54.0
1620108260,-2171737402390789673,1,tcp,5666,1,1,58,54,0,0.0,0,0,0,0.0,0,0,0,0,0,0,56.0,58.0,54.0
1620108260,7614509108764261688,1,tcp,1050,1,1,58,54,0,0.0,0,0,0,0.0,0,0,0,0,0,0,56.0,58.0,54.0
1620108260,-371392662763691834,1,tcp,2103,1,1,58,54,0,0.0,0,0,0,0.0,0,0,0,0,0,0,56.0,58.0,54.0
1620108260,6655255577491425337,1,tcp,1761,1,1,58,54,0,0.0,0,0,0,0.0,0,0,0,0,0,0,56.0,58.0,54.0
1620108260,7583585807142265443,1,tcp,2121,1,1,58,54,0,0.0,0,0,0,0.0,0,0,0,0,0,0,56.0,58.0,54.0
1620108260,-2616378981344869339,1,tcp,6112,1,1,58,54,0,0.0,0,0,0,0.0,0,0,0,0,0,0,56.0,58.0,54.0
1620108260,-9071619433523752412,1,tcp,4001,1,1,58,54,0,0.0,0,0,0,0.0,0,0,0,0,0,0,56.0,58.0,54.0
1620108260,3589906809407581075,1,tcp,280,2,2,116,108,0.25,0.25,0.5,0,0.25,0.25,0.5,0,0,0,0,0,56.0,58.0,54.0
1620108260,6200978631165634366,1,tcp,1039,1,1,58,54,0,0.0,0,0,0,0.0,0,0,0,0,0,0,56.0,58.0,54.0
1620108260,-5996077428681076456,1,tcp,5120,2,2,116,108,0.25,0.25,0.5,0,0.25,0.25,0.5,0,0,0,0,0,56.0,58.0,54.0
1620108260,-8156038949584087666,1,tcp,2869,2,2,116,108,0.25,0.25,0.5,0,0.25,0.25,0.5,0,0,0,0,0,56.0,58.0,54.0
1620108260,4610252317404358021,1,tcp,444,1,1,58,54,0,0.0,0,0,0,0.0,0,0,0,0,0,0,56.0,58.0,54.0
1620108260,6121794552145305710,1,tcp,2105,1,1,58,54,0,0.0,0,0,0,0.0,0,0,0,0,0,0,56.0,58.0,54.0
1620108260,-5267310886713055345,1,tcp,311,1,1,58,54,0,0.0,0,0,0,0.0,0,0,0,0,0,0,56.0,58.0,54.0
1620108260,8589412514134400079,1,tcp,808,1,1,58,54,0,0.0,0,0,0,0.0,0,0,0,0,0,0,56.0,58.0,54.0
1620108260,-210480903072038237,1,tcp,6646,2,2,116,108,0.25,0.25,0.5,0,0.25,0.25,0.5,0,0,0,0,0,56.0,58.0,54.0
1620108260,-8499521860329699757,1,tcp,2003,1,1,58,54,0,0.0,0,0,0,0.0,0,0,0,0,0,0,56.0,58.0,54.0
1620108260,-4889961140670491070,1,tcp,548,1,1,58,54,0,0.0,0,0,0,0.0,0,0,0,0,0,0,56.0,58.0,54.0
1620108260,-1252610223333289214,1,tcp,49153,1,1,58,54,0,0.0,0,0,0,0.0,0,0,0,0,0,0,56.0,58.0,54.0
1620108260,3621282615198484077,1,tcp,32771,1,1,58,54,0,0.0,0,0,0,0.0,0,0,0,0,0,0,56.0,58.0,54.0
1620108260,-6022555700257190930,1,tcp,1041,1,1,58,54,0,0.0,0,0,0,0.0,0,0,0,0,0,0,56.0,58.0,54.0
1620108260,-7499568529212942741,1,tcp,902,2,2,116,108,0.25,0.25,0.5,0,0.25,0.25,0.5,0,0,0,0,0,56.0,58.0,54.0
1620108260,1344121954214400138,1,tcp,2301,1,1,58,54,0,0.0,0,0,0,0.0,0,0,0,0,0,0,56.0,58.0,54.0
1620108260,-430138861349930690,1,tcp,1035,1,1,58,54,0,0.0,0,0,0,0.0,0,0,0,0,0,0,56.0,58.0,54.0
1620108260,-3773617530890144463,1,tcp,6002,1,1,58,54,0,0.0,0,0,0,0.0,0,0,0,0,0,0,56.0,58.0,54.0
1620108260,-545207110802573363,1,tcp,1054,1,1,58,54,0,0.0,0,0,0,0.0,0,0,0,0,0,0,56.0,58.0,54.0
1620108260,-8545655716699873141,1,tcp,636,1,1,58,54,0,0.0,0,0,0,0.0,0,0,0,0,0,0,56.0,58.0,54.0
1620108260,-7308253735692389942,1,tcp,1032,1,1,58,54,0,0.0,0,0,0,0.0,0,0,0,0,0,0,56.0,58.0,54.0
1620108260,-7293061381349082717,1,tcp,7938,1,1,58,54,0,0.0,0,0,0,0.0,0,0,0,0,0,0,56.0,58.0,54.0
1620108260,-3298254587109276646,1,tcp,49155,1,1,58,54,0,0.0,0,0,0,0.0,0,0,0,0,0,0,56.0,58.0,54.0
1620108260,-4769195039906197976,1,tcp,2967,1,1,58,54,0,0.0,0,0,0,0.0,0,0,0,0,0,0,56.0,58.0,54.0
1620108260,6587676368867553435,1,tcp,10000,1,1,58,54,0,0.0,0,0,0,0.0,0,0,0,0,0,0,56.0,58.0,54.0
1620108260,-2621218862402590144,1,tcp,873,1,1,58,54,0,0.0,0,0,0,0.0,0,0,0,0,0,0,56.0,58.0,54.0
1620108260,-1045304168374923041,1,tcp,1801,1,1,58,54,0,0.0,0,0,0,0.0,0,0,0,0,0,0,56.0,58.0,54.0
1620108260,-1449248519791170173,1,tcp,6666,1,1,58,54,0,0.0,0,0,0,0.0,0,0,0,0,0,0,56.0,58.0,54.0
1620108260,8282664461627556480,1,tcp,3986,2,2,116,108,0.25,0.25,0.5,0,0.25,0.25,0.5,0,0,0,0,0,56.0,58.0,54.0
1620108260,-5516335514413874043,1,tcp,2107,1,1,58,54,0,0.0,0,0,0,0.0,0,0,0,0,0,0,56.0,58.0,54.0
1620108260,-5179858403024575915,1,tcp,3690,1,1,58,54,0,0.0,0,0,0,0.0,0,0,0,0,0,0,56.0,58.0,54.0
1620108260,-3986762396444743838,1,tcp,26,1,1,58,54,0,0.0,0,0,0,0.0,0,0,0,0,0,0,56.0,58.0,54.0
1620108260,-3352966270868376045,1,tcp,9102,1,1,58,54,0,0.0,0,0,0,0.0,0,0,0,0,0,0,56.0,58.0,54.0
1620108260,2042106236060212840,1,tcp,49156,2,2,116,108,0.25,0.25,0.5,0,0.25,0.25,0.5,0,0,0,0,0,56.0,58.0,54.0
1620108260,5270910926804080312,1,tcp,513,1,1,58,54,0,0.0,0,0,0,0.0,0,0,0,0,0,0,56.0,58.0,54.0
1620108260,-229539243528095799,1,tcp,3,1,1,58,54,0,0.0,0,0,0,0.0,0,0,0,0,0,0,56.0,58.0,54.0
1620108260,1396300325114041984,1,tcp,1036,1,1,58,54,0,0.0,0,0,0,0.0,0,0,0,0,0,0,56.0,58.0,54.0
1620108260,157200042823011382,1,tcp,5003,1,1,58,54,0,0.0,0,0,0,0.0,0,0,0,0,0,0,56.0,58.0,54.0
1620108260,9174051337773039968,1,tcp,5001,2,2,116,108,0.25,0.25,0.5,0,0.25,0.25,0.5,0,0,0,0,0,56.0,58.0,54.0
1620108260,-5374917043395281392,1,tcp,5901,1,1,58,54,0,0.0,0,0,0,0.0,0,0,0,0,0,0,56.0,58.0,54.0
1620108260,-1519381308212273247,1,tcp,1031,1,1,58,54,0,0.0,0,0,0,0.0,0,0,0,0,0,0,56.0,58.0,54.0
1620108260,581228059746124671,1,tcp,1027,1,1,58,54,0,0.0,0,0,0,0.0,0,0,0,0,0,0,56.0,58.0,54.0
1620108260,-4211620881582007578,1,tcp,19,1,1,58,54,0,0.0,0,0,0,0.0,0,0,0,0,0,0,56.0,58.0,54.0
1620108260,-485355651744321104,1,tcp,1058,1,1,58,54,0,0.0,0,0,0,0.0,0,0,0,0,0,0,56.0,58.0,54.0
1620108260,8093659771043790878,1,tcp,1110,1,1,58,54,0,0.0,0,0,0,0.0,0,0,0,0,0,0,56.0,58.0,54.0
1620108260,8177664546750743680,1,tcp,17,1,1,58,54,0,0.0,0,0,0,0.0,0,0,0,0,0,0,56.0,58.0,54.0
1620108260,-8310534665333695733,1,tcp,4899,1,1,58,54,0,0.0,0,0,0,0.0,0,0,0,0,0,0,56.0,58.0,54.0
1620108260,8556847803164135010,1,tcp,1074,1,1,58,54,0,0.0,0,0,0,0.0,0,0,0,0,0,0,56.0,58.0,54.0
1620108260,-4048568812133333470,1,tcp,144,1,1,58,54,0,0.0,0,0,0,0.0,0,0,0,0,0,0,56.0,58.0,54.0
1620108260,-2045889251129146350,1,tcp,81,1,1,58,54,0,0.0,0,0,0,0.0,0,0,0,0,0,0,56.0,58.0,54.0
1620108260,1766782968490530400,1,tcp,1028,1,1,58,54,0,0.0,0,0,0,0.0,0,0,0,0,0,0,56.0,58.0,54.0
1620108260,-7775866561836159815,1,tcp,1521,1,1,58,54,0,0.0,0,0,0,0.0,0,0,0,0,0,0,56.0,58.0,54.0
1620108260,-7514876227948422842,1,tcp,3000,1,1,58,54,0,0.0,0,0,0,0.0,0,0,0,0,0,0,56.0,58.0,54.0
1620108260,2168331758594867055,1,tcp,1494,1,1,58,54,0,0.0,0,0,0,0.0,0,0,0,0,0,0,56.0,58.0,54.0
1620108260,-6775590005157732048,1,tcp,1071,1,1,58,54,0,0.0,0,0,0,0.0,0,0,0,0,0,0,56.0,58.0,54.0
1620108260,8288834347874623542,1,tcp,625,1,1,58,54,0,0.0,0,0,0,0.0,0,0,0,0,0,0,56.0,58.0,54.0
1620108260,-3948004513003878016,1,tcp,1044,1,1,58,54,0,0.0,0,0,0,0.0,0,0,0,0,0,0,56.0,58.0,54.0
1620108260,8451279246152937846,1,tcp,7000,2,2,116,108,0.25,0.25,0.5,0,0.25,0.25,0.5,0,0,0,0,0,56.0,58.0,54.0
1620108260,4984842708002075334,1,tcp,5000,1,1,58,54,0,0.0,0,0,0,0.0,0,0,0,0,0,0,56.0,58.0,54.0
1620108260,4118963761732246591,1,tcp,1064,1,1,58,54,0,0.0,0,0,0,0.0,0,0,0,0,0,0,56.0,58.0,54.0
1620108260,791725484574060998,1,tcp,1059,1,1,58,54,0,0.0,0,0,0,0.0,0,0,0,0,0,0,56.0,58.0,54.0
1620108260,6293172592184637385,1,tcp,1029,1,1,58,54,0,0.0,0,0,0,0.0,0,0,0,0,0,0,56.0,58.0,54.0
1620108260,3770337393662356482,1,tcp,119,2,2,116,108,0.25,0.25,0.5,0,0.25,0.25,0.5,0,0,0,0,0,56.0,58.0,54.0
1620108260,1560211503487991860,1,tcp,179,1,1,58,54,0,0.0,0,0,0,0.0,0,0,0,0,0,0,56.0,58.0,54.0
1620108260,4832102214411940985,1,tcp,1433,1,1,58,54,0,0.0,0,0,0,0.0,0,0,0,0,0,0,56.0,58.0,54.0
1620108260,-527804187363013472,1,tcp,1066,1,1,58,54,0,0.0,0,0,0,0.0,0,0,0,0,0,0,56.0,58.0,54.0
1620108260,1183585242797646593,1,tcp,5060,1,1,58,54,0,0.0,0,0,0,0.0,0,0,0,0,0,0,56.0,58.0,54.0
1620108260,2642400619715296398,1,tcp,1056,2,2,116,108,0.25,0.25,0.5,0,0.25,0.25,0.5,0,0,0,0,0,56.0,58.0,54.0
1620108260,2542247976755269120,1,tcp,3689,1,1,58,54,0,0.0,0,0,0,0.0,0,0,0,0,0,0,56.0,58.0,54.0
1620108260,-3638059756089841838,1,tcp,2717,1,1,58,54,0,0.0,0,0,0,0.0,0,0,0,0,0,0,56.0,58.0,54.0
1620108260,6632426406273946726,1,tcp,5190,1,1,58,54,0,0.0,0,0,0,0.0,0,0,0,0,0,0,56.0,58.0,54.0
1620108260,-7639002530215144798,1,tcp,990,1,1,58,54,0,0.0,0,0,0,0.0,0,0,0,0,0,0,56.0,58.0,54.0
1620108260,3339677873206615896,1,tcp,1053,1,1,58,54,0,0.0,0,0,0,0.0,0,0,0,0,0,0,56.0,58.0,54.0
1620108260,7966247612974103556,1,tcp,10010,1,1,58,54,0,0.0,0,0,0,0.0,0,0,0,0,0,0,56.0,58.0,54.0
1620108260,3132593569461045324,1,tcp,2002,1,1,58,54,0,0.0,0,0,0,0.0,0,0,0,0,0,0,56.0,58.0,54.0
1620108260,-6843881084893313283,1,tcp,2401,1,1,58,54,0,0.0,0,0,0,0.0,0,0,0,0,0,0,56.0,58.0,54.0
1620108260,6228127222169261476,1,tcp,1000,1,1,58,54,0,0.0,0,0,0,0.0,0,0,0,0,0,0,56.0,58.0,54.0
1620108260,8415429904523974564,1,tcp,5555,1,1,58,54,0,0.0,0,0,0,0.0,0,0,0,0,0,0,56.0,58.0,54.0
1620108260,-4652349823891095762,1,tcp,2001,2,2,116,108,0.25,0.25,0.5,0,0.25,0.25,0.5,0,0,0,0,0,56.0,58.0,54.0
1620108260,-3380400502781861848,1,tcp,2005,1,1,58,54,0,0.0,0,0,0,0.0,0,0,0,0,0,0,56.0,58.0,54.0
1620108260,3405263106056520467,1,tcp,9000,2,1,112,58,0.25,0.25,0.5,0,0,0.0,0,0,0,0,0,0,56.666666666666664,56.0,58.0
1620108260,-3756148334354104871,1,tcp,7937,1,1,58,54,0,0.0,0,0,0,0.0,0,0,0,0,0,0,56.0,58.0,54.0
1620108260,8961655729612274822,1,tcp,1935,1,1,58,54,0,0.0,0,0,0,0.0,0,0,0,0,0,0,56.0,58.0,54.0
1620108260,-4799638849928033680,1,tcp,2383,2,2,116,108,0.25,0.25,0.5,0,0.25,0.25,0.5,0,0,0,0,0,56.0,58.0,54.0
1620108260,58154460754004935,1,tcp,9999,1,1,58,54,0,0.0,0,0,0,0.0,0,0,0,0,0,0,56.0,58.0,54.0
1620108260,-8270693496405500219,1,tcp,8081,2,2,116,108,0.25,0.25,0.5,0,0.25,0.25,0.5,0,0,0,0,0,56.0,58.0,54.0
1620108260,8683429347216040033,1,tcp,32768,2,2,116,108,0.25,0.25,0.5,0,0.25,0.25,0.5,0,0,0,0,0,56.0,58.0,54.0
1620108260,-2435732199564190538,1,tcp,10001,1,1,58,54,0,0.0,0,0,0,0.0,0,0,0,0,0,0,56.0,58.0,54.0
1620108260,-2363444846533066911,1,tcp,6000,1,1,58,54,0,0.0,0,0,0,0.0,0,0,0,0,0,0,56.0,58.0,54.0
1620108260,7279177636459497234,1,tcp,1038,1,1,58,54,0,0.0,0,0,0,0.0,0,0,0,0,0,0,56.0,58.0,54.0
1620108260,-8439872477211072664,1,tcp,497,1,1,58,54,0,0.0,0,0,0,0.0,0,0,0,0,0,0,56.0,58.0,54.0
1620108260,-3716517410406044161,1,tcp,1755,2,2,116,108,0.25,0.25,0.5,0,0.25,0.25,0.5,0,0,0,0,0,56.0,58.0,54.0
1620108260,-6030173314185352659,1,tcp,9001,1,1,58,54,0,0.0,0,0,0,0.0,0,0,0,0,0,0,56.0,58.0,54.0
1620108260,-688368037398123995,1,tcp,6004,1,1,58,54,0,0.0,0,0,0,0.0,0,0,0,0,0,0,56.0,58.0,54.0
1620108260,4660311637694860126,1,tcp,106,1,1,58,54,0,0.0,0,0,0,0.0,0,0,0,0,0,0,56.0,58.0,54.0
1620108260,2336916901970754709,1,tcp,1048,1,1,58,54,0,0.0,0,0,0,0.0,0,0,0,0,0,0,56.0,58.0,54.0
1620108260,-1806238793293459148,1,tcp,2161,1,1,58,54,0,0.0,0,0,0,0.0,0,0,0,0,0,0,56.0,58.0,54.0
1620108260,-484560879776850458,1,tcp,593,1,1,58,54,0,0.0,0,0,0,0.0,0,0,0,0,0,0,56.0,58.0,54.0
1620108260,6105494582191654832,1,tcp,5432,1,1,58,54,0,0.0,0,0,0,0.0,0,0,0,0,0,0,56.0,58.0,54.0
1620108260,2576807167695089057,1,tcp,3001,1,1,58,54,0,0.0,0,0,0,0.0,0,0,0,0,0,0,56.0,58.0,54.0
1620108260,4779051678151480622,1,tcp,3703,1,1,58,54,0,0.0,0,0,0,0.0,0,0,0,0,0,0,56.0,58.0,54.0
1620108260,206105692563887487,1,tcp,4000,2,2,116,108,0.25,0.25,0.5,0,0.25,0.25,0.5,0,0,0,0,0,56.0,58.0,54.0
1620108260,-7074364170801805020,1,tcp,5050,1,1,58,54,0,0.0,0,0,0,0.0,0,0,0,0,0,0,56.0,58.0,54.0
1620108260,-8785690008686304905,1,tcp,2601,1,1,58,54,0,0.0,0,0,0,0.0,0,0,0,0,0,0,56.0,58.0,54.0
1620108260,-4980801590377504030,1,tcp,2000,2,2,116,108,0.25,0.25,0.5,0,0.25,0.25,0.5,0,0,0,0,0,56.0,58.0,54.0
1620108260,-3341888005690511450,1,tcp,1900,1,1,58,54,0,0.0,0,0,0,0.0,0,0,0,0,0,0,56.0,58.0,54.0
1620108260,4990242072394712239,1,tcp,646,1,1,58,54,0,0.0,0,0,0,0.0,0,0,0,0,0,0,56.0,58.0,54.0
1620108260,1579706840495284214,1,tcp,5631,1,1,58,54,0,0.0,0,0,0,0.0,0,0,0,0,0,0,56.0,58.0,54.0
1620108260,175738725254870506,1,tcp,5051,1,1,58,54,0,0.0,0,0,0,0.0,0,0,0,0,0,0,56.0,58.0,54.0
1620108260,2813488298138298823,1,tcp,88,1,1,58,54,0,0.0,0,0,0,0.0,0,0,0,0,0,0,56.0,58.0,54.0
1620108260,-6191981317989180212,1,tcp,4045,1,1,58,54,0,0.0,0,0,0,0.0,0,0,0,0,0,0,56.0,58.0,54.0
1620108260,480228325240975232,1,tcp,100,1,1,58,54,0,0.0,0,0,0,0.0,0,0,0,0,0,0,56.0,58.0,54.0
1620108260,8802347205176217521,1,tcp,1037,1,1,58,54,0,0.0,0,0,0,0.0,0,0,0,0,0,0,56.0,58.0,54.0
1620108260,-3230942338072575985,1,tcp,1022,1,1,58,54,0,0.0,0,0,0,0.0,0,0,0,0,0,0,56.0,58.0,54.0
1620108260,-6607277342476897974,1,tcp,1040,1,1,58,54,0,0.0,0,0,0,0.0,0,0,0,0,0,0,56.0,58.0,54.0
1620108260,-6369742733319292952,1,tcp,8002,1,1,58,54,0,0.0,0,0,0,0.0,0,0,0,0,0,0,56.0,58.0,54.0
1620108260,-7568132341626106540,1,tcp,49157,1,1,58,54,0,0.0,0,0,0,0.0,0,0,0,0,0,0,56.0,58.0,54.0
1620108260,-4224960580126732576,1,tcp,7,1,1,58,54,0,0.0,0,0,0,0.0,0,0,0,0,0,0,56.0,58.0,54.0
1620108260,5194839038703516761,1,tcp,3268,1,1,58,54,0,0.0,0,0,0,0.0,0,0,0,0,0,0,56.0,58.0,54.0
1620108260,565717117720737981,1,tcp,1030,1,1,58,54,0,0.0,0,0,0,0.0,0,0,0,0,0,0,56.0,58.0,54.0
1620108260,-2695649611235227433,1,tcp,50000,1,1,58,54,0,0.0,0,0,0,0.0,0,0,0,0,0,0,56.0,58.0,54.0
1620108260,-4449324047325051234,1,tcp,8443,2,2,116,108,0.25,0.25,0.5,0,0.25,0.25,0.5,0,0,0,0,0,56.0,58.0,54.0
1620108260,-2186456927773582415,1,tcp,37,1,1,58,54,0,0.0,0,0,0,0.0,0,0,0,0,0,0,56.0,58.0,54.0
1620108260,-2769611593671544389,1,tcp,787,1,1,58,54,0,0.0,0,0,0,0.0,0,0,0,0,0,0,56.0,58.0,54.0
1620108260,4399784425869734626,1,tcp,8031,1,1,58,54,0,0.0,0,0,0,0.0,0,0,0,0,0,0,56.0,58.0,54.0
1620108260,-32571310247154694,1,tcp,8000,1,1,58,54,0,0.0,0,0,0,0.0,0,0,0,0,0,0,56.0,58.0,54.0
1620108260,3441716540489541430,1,tcp,2049,1,1,58,54,0,0.0,0,0,0,0.0,0,0,0,0,0,0,56.0,58.0,54.0
1620108260,1783517445221278013,1,tcp,465,1,1,58,54,0,0.0,0,0,0,0.0,0,0,0,0,0,0,56.0,58.0,54.0
1620108260,-4691360425963062751,1,tcp,49152,1,1,58,54,0,0.0,0,0,0,0.0,0,0,0,0,0,0,56.0,58.0,54.0
1620108260,6429043546644767995,1,tcp,3128,1,1,58,54,0,0.0,0,0,0,0.0,0,0,0,0,0,0,56.0,58.0,54.0
1620108260,7033189035714048256,1,tcp,1069,2,2,116,108,0.25,0.25,0.5,0,0.25,0.25,0.5,0,0,0,0,0,56.0,58.0,54.0
1620108260,-2910417564089627840,1,tcp,1026,1,1,58,54,0,0.0,0,0,0,0.0,0,0,0,0,0,0,56.0,58.0,54.0
1620108260,-520048721081210811,1,tcp,9090,1,1,58,54,0,0.0,0,0,0,0.0,0,0,0,0,0,0,56.0,58.0,54.0
1620108260,5793484819399219348,1,tcp,7070,1,1,58,54,0,0.0,0,0,0,0.0,0,0,0,0,0,0,56.0,58.0,54.0
1620108260,-4009582551711919629,1,tcp,9,1,1,58,54,0,0.0,0,0,0,0.0,0,0,0,0,0,0,56.0,58.0,54.0
1620108260,-771174002281712687,1,tcp,1065,1,1,58,54,0,0.0,0,0,0,0.0,0,0,0,0,0,0,56.0,58.0,54.0
1620108260,-8900199754343227008,1,tcp,255,1,1,58,54,0,0.0,0,0,0,0.0,0,0,0,0,0,0,56.0,58.0,54.0
1620108260,8078309413554551297,1,tcp,5009,1,1,58,54,0,0.0,0,0,0,0.0,0,0,0,0,0,0,56.0,58.0,54.0
1620108260,-1893915755288654677,1,tcp,254,2,2,116,108,0.25,0.25,0.5,0,0.25,0.25,0.5,0,0,0,0,0,56.0,58.0,54.0
1620108260,-4102914909439261778,1,tcp,5800,1,1,58,54,0,0.0,0,0,0,0.0,0,0,0,0,0,0,56.0,58.0,54.0
1620108260,6422070050542190353,1,tcp,5101,1,1,58,54,0,0.0,0,0,0,0.0,0,0,0,0,0,0,56.0,58.0,54.0
1620108260,516791945655166900,1,tcp,1080,1,1,58,54,0,0.0,0,0,0,0.0,0,0,0,0,0,0,56.0,58.0,54.0
1620108260,2950977757570076322,2,tcp,9000,126,127,9918,8984,0.3172,0.9484,7,0,0.3081,0.9315,7,0,0,0,0,0,74.71146245059289,78.71428571428571,70.74015748031496
1620108260,6206701627455020089,2,tcp,8982,102,100,82310,6600,0.0208,0.0024,0.0222,0,0.021,0.0026,0.0227,0,0,0,0,0,440.1485148514852,806.9607843137255,66.0
1620108260,-9054859489273937493,2,tcp,8988,102,100,85593,6600,0.0308,0.0995,1,0,0.0311,0.1,1,0,0,0,0,0,456.4009900990099,839.1470588235294,66.0
1620108260,-8587863116132961028,2,tcp,8989,100,99,85052,6534,0.0421,0.203,2,0,0.0421,0.203,2,0,0,0,0,0,460.23115577889445,850.52,66.0
1620108260,-8782526107799261516,2,tcp,8984,246,243,211372,16038,0.0332,0.1927,3,0,0.0292,0.1286,2,0,0,0,0,0,465.0511247443763,859.2357723577236,66.0
1620108260,5268570656373265609,2,tcp,8980,253,250,210174,16500,0.0362,0.2532,4,0,0.0325,0.1908,3,0,0,0,0,0,450.6441351888668,830.7272727272727,66.0
1620108260,-7661716841188050220,2,tcp,8981,248,246,196887,16236,0.0411,0.3201,5,0,0.0372,0.2569,4,0,0,0,0,0,431.4230769230769,793.8991935483871,66.0
1620108260,4944332789102307381,2,tcp,8986,100,98,82880,6468,0.0717,0.503,5,0,0.0627,0.4061,4,0,0,0,0,0,451.25252525252523,828.8,66.0
1620108260,2870817704979524177,2,tcp,8987,102,101,82994,6666,0.0501,0.298,3,0,0.0404,0.199,2,0,0,0,0,0,441.67487684729065,813.6666666666666,66.0
1620108260,2004819247742741846,2,tcp,8983,102,100,82425,6600,0.0602,0.398,4,0,0.0516,0.3025,3,0,0,0,0,0,440.7178217821782,808.0882352941177,66.0
1620108260,-2183499408561083180,2,tcp,8985,249,247,205889,16302,0.0409,0.3194,5,0,0.0411,0.3201,5,0,0,0,0,0,447.9657258064516,826.8634538152611,66.0
1620108260,-7847452285590838338,2,udp,8998,258,0,21993,0,0.0427,0.0044,0.05,0,0,0.0,0,0,0,0,0,0,85.24418604651163,85.24418604651163,0
1620108260,-2746271127555231319,2,udp,8993,217,0,18551,0,0.0468,0.0127,0.0909,0,0,0.0,0,0,0,0,0,0,85.48847926267281,85.48847926267281,0
1620108260,-6590183116645496569,2,udp,8991,205,0,17642,0,0.0492,0.0219,0.125,0,0,0.0,0,0,0,0,0,0,86.05853658536586,86.05853658536586,0
1620108260,7797974184214247453,2,udp,8992,236,0,20189,0,0.0431,0.006,0.0625,0,0,0.0,0,0,0,0,0,0,85.54661016949153,85.54661016949153,0
1620108260,-5628027263028546173,2,udp,8994,232,0,19923,0,0.0438,0.0067,0.0667,0,0,0.0,0,0,0,0,0,0,85.875,85.875,0
1620108260,-45502982753407762,2,udp,8997,233,0,19890,0,0.0436,0.0086,0.0769,0,0,0.0,0,0,0,0,0,0,85.36480686695279,85.36480686695279,0
1620108260,7451698673008858988,2,udp,8990,193,0,16491,0,0.0528,0.0711,1,0,0,0.0,0,0,0,0,0,0,85.44559585492227,85.44559585492227,0
1620108260,2070929466084519097,2,udp,8972,319,0,26796,0,0.0317,0.0042,0.0455,0,0,0.0,0,0,0,0,0,0,84.0,84.0,0
1620108260,-7351190494800252415,2,udp,8977,318,0,26712,0,0.0319,0.005,0.05,0,0,0.0,0,0,0,0,0,0,84.0,84.0,0
1620108260,2135345025054581699,2,udp,8975,319,0,26796,0,0.0317,0.0042,0.0455,0,0,0.0,0,0,0,0,0,0,84.0,84.0,0
1620108260,5362832386560718797,2,udp,8974,319,0,26796,0,0.0317,0.0042,0.0455,0,0,0.0,0,0,0,0,0,0,84.0,84.0,0
1620108260,-6695616398274771490,2,udp,8976,319,0,26796,0,0.0317,0.0042,0.0455,0,0,0.0,0,0,0,0,0,0,84.0,84.0,0
1620108260,2240077037453789015,2,udp,8970,319,0,26796,0,0.0317,0.0042,0.0455,0,0,0.0,0,0,0,0,0,0,84.0,84.0,0
1620108260,-1493894251016201740,2,udp,8978,319,0,26796,0,0.0317,0.0042,0.0455,0,0,0.0,0,0,0,0,0,0,84.0,84.0,0
1620108260,-8010912840459714315,2,udp,8979,319,0,26796,0,0.0317,0.0042,0.0455,0,0,0.0,0,0,0,0,0,0,84.0,84.0,0
1620108260,6272078943025294642,2,udp,8973,319,0,26796,0,0.0317,0.0042,0.0455,0,0,0.0,0,0,0,0,0,0,84.0,84.0,0
1620108260,1308698560198352224,2,udp,8971,317,0,26628,0,0.0319,0.005,0.05,0,0,0.0,0,0,0,0,0,0,84.0,84.0,0
1620108260,3661921845981335457,2,udp,8996,232,0,19789,0,0.0436,0.0061,0.0625,0,0,0.0,0,0,0,0,0,0,85.29741379310344,85.29741379310344,0
1620108260,6943176669516286536,2,udp,8995,233,0,19810,0,0.0434,0.0068,0.0667,0,0,0.0,0,0,0,0,0,0,85.02145922746782,85.02145922746782,0
1620108260,-8735809503190453941,2,udp,8999,232,0,19758,0,0.0436,0.0067,0.0667,0,0,0.0,0,0,0,0,0,0,85.16379310344827,85.16379310344827,0
1620108260,-1927735873341921848,2,tcp,8956,681,681,60233,44946,0.0382,0.6186,16,0,0.0382,0.6186,16,0,0,0,0,0,77.22393538913363,88.44787077826726,66.0
1620108260,4376920475906821599,2,tcp,8959,599,597,52829,39402,0.0609,1.0324,25,0,0.0609,1.0324,25,0,0,0,0,0,77.11622073578596,88.19532554257096,66.0
1620108260,-8969818548350168149,2,tcp,8951,743,742,65409,48972,0.048,0.9275,25,0,0.048,0.9275,25,0,0,0,0,0,77.02424242424243,88.03364737550471,66.0
1620108260,8105772489130103013,2,tcp,8950,989,988,87162,65208,0.0256,0.4803,15,0,0.0256,0.4803,15,0,0,0,0,0,77.07132018209408,88.1314459049545,66.0
1620108260,-4149389376901712216,2,tcp,8961,33,32,17538,2112,1.1212,3.6839,18,0,1.1667,3.7649,18,0,0,0,0,0,302.3076923076923,531.4545454545455,66.0
1620108260,5746315737281196195,2,tcp,8953,353,352,31035,23232,0.1224,1.915,35,0,0.1224,1.915,35,0,0,0,0,0,76.97446808510638,87.91784702549575,66.0
1620108260,-97170228247581365,2,tcp,8957,424,423,37308,27918,0.0828,1.208,24,0,0.0828,1.208,24,0,0,0,0,0,77.00826446280992,87.99056603773585,66.0
1620108260,-9046708875972669040,2,tcp,8960,33,32,17538,2112,1.1667,3.8922,19,0,1.1667,3.8922,19,0,0,0,0,0,302.3076923076923,531.4545454545455,66.0
1620108260,-5505331775298330820,2,tcp,8955,263,262,23085,17292,0.1483,1.5164,17,0,0.1483,1.5164,17,0,0,0,0,0,76.90857142857143,87.77566539923954,66.0
1620108260,-583890737723767550,2,tcp,8958,671,670,59071,44220,0.0406,0.6725,17,0,0.0406,0.6725,17,0,0,0,0,0,77.02535421327367,88.03427719821163,66.0
1620108260,5177520359045846228,2,tcp,8965,43,38,43798,2508,0.5475,3.1149,20,0,0.5967,3.1561,19,0,0,0,0,0,571.679012345679,1018.5581395348837,66.0
1620108260,3231093821328976102,2,tcp,8968,53,52,29098,3432,0.3873,2.5422,18,0,0.3746,2.4251,17,0,0,0,0,0,309.8095238095238,549.0188679245283,66.0
1620108260,5689625881063035457,2,tcp,8969,53,44,54698,2904,0.3996,2.6572,19,0,0.4628,2.7729,18,0,0,0,0,0,593.8350515463917,1032.0377358490566,66.0
1620108260,5008471564354066629,2,tcp,8966,43,42,23318,2772,0.5725,3.271,21,0,0.5615,3.1534,20,0,0,0,0,0,306.94117647058823,542.2790697674419,66.0
1620108260,-4190195324295036478,2,tcp,8952,1044,1043,92074,68838,0.0291,0.6232,20,0,0.0281,0.5923,19,0,0,0,0,0,77.10206037374222,88.19348659003832,66.0
1620108260,-3514472423023623690,2,tcp,8964,33,32,17538,2112,1.2576,4.3087,21,0,1.2619,4.1907,20,0,0,0,0,0,302.3076923076923,531.4545454545455,66.0
1620108260,3874643395559669331,2,tcp,8967,43,42,6838,2772,0.5975,3.4272,22,0,0.5871,3.3114,21,0,0,0,0,0,113.05882352941177,159.02325581395348,66.0
1620108260,-4184852527197455247,2,tcp,8954,1079,1078,95048,71148,0.0319,0.7362,24,0,0.031,0.7058,23,0,0,0,0,0,77.04960593416783,88.08897126969416,66.0
1620108260,-3340957027725877239,2,tcp,8963,33,32,17538,2112,1.3485,4.7253,23,0,1.3571,4.6166,22,0,0,0,0,0,302.3076923076923,531.4545454545455,66.0
1620108260,-9046571664622033204,2,tcp,8962,33,32,17538,2112,1.303,4.517,22,0,1.3095,4.4037,21,0,0,0,0,0,302.3076923076923,531.4545454545455,66.0
1620108260,-6161066333461024108,3,tcp,9000,80,80,6831,5721,0.2359,0.6272,4,0,0.2291,0.6236,4,0,0,0,0,0,78.45,85.3875,71.5125
1620108260,-4937811983909215233,3,tcp,8944,15,14,3354,924,0.3021,0.1499,0.5,0,0.3021,0.1499,0.5,0,0,0,0,0,147.51724137931035,223.6,66.0
1620108260,3327364282645595257,3,tcp,8940,18,17,4293,1122,0.4833,0.293,1,0,0.4833,0.293,1,0,0,0,0,0,154.71428571428572,238.5,66.0
1620108260,8348378899729980298,3,tcp,8945,27,25,6841,1650,0.5784,1.1145,5,0,0.6042,1.1455,5,0,0,0,0,0,163.28846153846155,253.37037037037038,66.0
1620108260,9072107893381597071,3,tcp,8943,18,16,4829,1068,0.5424,0.7918,3,0,0.5467,0.8303,3,0,0,0,0,0,173.44117647058823,268.27777777777777,66.75
1620108260,-1508563405110542198,3,tcp,8941,15,13,4873,870,0.7197,0.7956,3,0,0.775,0.8174,3,0,0,0,0,0,205.10714285714286,324.8666666666667,66.92307692307692
1620108260,-3687984699798270050,3,tcp,8946,21,20,6488,1320,0.4744,0.494,2,0,0.4744,0.494,2,0,0,0,0,0,190.4390243902439,308.95238095238096,66.0
1620108260,-7571364345911527643,3,tcp,8947,13,12,3103,792,0.4667,0.6896,2,0,0.4667,0.6896,2,0,0,0,0,0,155.8,238.69230769230768,66.0
1620108260,3930393776341019214,3,tcp,8942,16,15,5321,990,0.7833,1.0981,4,0,0.8958,1.2017,4,0,0,0,0,0,203.58064516129033,332.5625,66.0
1620108260,-5082761704218495307,3,tcp,8949,11,10,2781,660,0.5375,0.6224,2,0,0.875,0.7395,2,0,0,0,0,0,163.85714285714286,252.8181818181818,66.0
1620108260,-7391268015971387209,3,tcp,8948,14,11,3671,738,0.4625,0.5229,2,0,0.5938,0.5987,2,0,0,0,0,0,176.36,262.2142857142857,67.0909090909091
1620108260,-5015260372534943396,3,udp,8929,5,0,1410,0,0.75,0.433,1,0,0,0.0,0,0,0,0,0,0,282.0,282.0,0
1620108260,-6158251610687693158,3,udp,8929,5,0,1260,0,0.75,0.433,1,0,0,0.0,0,0,0,0,0,0,252.0,252.0,0
1620108260,4424144954014017470,3,udp,8929,5,0,1153,0,0.75,0.433,1,0,0,0.0,0,0,0,0,0,0,230.6,230.6,0
1620108260,-4944961106908898823,3,udp,8929,5,0,1209,0,0.75,0.433,1,0,0,0.0,0,0,0,0,0,0,241.8,241.8,0
1620108260,2974040802597673647,3,udp,8939,236,0,16403,0,0.0425,0.0031,0.0455,0,0,0.0,0,0,0,0,0,0,69.5042372881356,69.5042372881356,0
1620108260,-4397702184455364044,3,udp,8929,5,0,1214,0,0.75,0.433,1,0,0,0.0,0,0,0,0,0,0,242.8,242.8,0
1620108260,3822423040658349587,3,udp,8929,5,0,1327,0,0.75,0.433,1,0,0,0.0,0,0,0,0,0,0,265.4,265.4,0
1620108260,8218914997543341457,3,udp,8929,5,0,1174,0,0.75,0.433,1,0,0,0.0,0,0,0,0,0,0,234.8,234.8,0
1620108260,-2703105475336682237,3,udp,8929,5,0,1545,0,0.75,0.433,1,0,0,0.0,0,0,0,0,0,0,309.0,309.0,0
1620108260,5821418893388761798,3,udp,8939,237,0,16461,0,0.042,0.0031,0.0455,0,0,0.0,0,0,0,0,0,0,69.45569620253164,69.45569620253164,0
1620108260,5147300747716064909,3,udp,8939,237,0,16484,0,0.042,0.0031,0.0455,0,0,0.0,0,0,0,0,0,0,69.55274261603375,69.55274261603375,0
1620108260,-1497353053944480941,3,udp,8939,235,0,16403,0,0.0424,0.0031,0.0455,0,0,0.0,0,0,0,0,0,0,69.8,69.8,0
1620108260,-6507715868600455349,3,udp,8939,237,0,16499,0,0.042,0.0031,0.0455,0,0,0.0,0,0,0,0,0,0,69.61603375527426,69.61603375527426,0
1620108260,2359249039470735339,3,udp,8939,237,0,16494,0,0.042,0.0029,0.0435,0,0,0.0,0,0,0,0,0,0,69.59493670886076,69.59493670886076,0
1620108260,-489612011152097177,3,udp,8919,1329,0,140444,0,0.0075,0.0005,0.0083,0,0,0.0,0,0,0,0,0,0,105.67644845748683,105.67644845748683,0
1620108260,618739788257321215,3,udp,8939,235,0,16359,0,0.0424,0.0031,0.0455,0,0,0.0,0,0,0,0,0,0,69.61276595744681,69.61276595744681,0
1620108260,1470200725361861420,3,udp,8919,1344,0,141994,0,0.0074,0.0006,0.0086,0,0,0.0,0,0,0,0,0,0,105.65029761904762,105.65029761904762,0
1620108260,-3318093809980379805,3,udp,8939,236,0,16442,0,0.0422,0.0031,0.0455,0,0,0.0,0,0,0,0,0,0,69.66949152542372,69.66949152542372,0
1620108260,-6655994038609587485,3,udp,8919,1359,0,143588,0,0.0074,0.0005,0.0085,0,0,0.0,0,0,0,0,0,0,105.6571008094187,105.6571008094187,0
1620108260,-787818218594140309,3,udp,8919,1378,0,145625,0,0.0073,0.0005,0.0078,0,0,0.0,0,0,0,0,0,0,105.67851959361393,105.67851959361393,0
1620108260,7051180575180983667,3,udp,8929,5,0,1181,0,0.75,0.433,1,0,0,0.0,0,0,0,0,0,0,236.2,236.2,0
1620108260,-1882694746863668125,3,udp,8929,5,0,1165,0,0.75,0.433,1,0,0,0.0,0,0,0,0,0,0,233.0,233.0,0
1620108260,7955585857503282134,3,udp,8919,1350,0,142500,0,0.0073,0.0006,0.0086,0,0,0.0,0,0,0,0,0,0,105.55555555555556,105.55555555555556,0
1620108260,5187264113002022486,3,udp,8919,1365,0,144104,0,0.0072,0.0004,0.0079,0,0,0.0,0,0,0,0,0,0,105.57069597069597,105.57069597069597,0
1620108260,1255732148101529709,3,udp,8919,1358,0,143466,0,0.0074,0.0004,0.0082,0,0,0.0,0,0,0,0,0,0,105.64506627393226,105.64506627393226,0
1620108260,1620173689892452505,3,udp,8919,1358,0,143403,0,0.0074,0.0005,0.0085,0,0,0.0,0,0,0,0,0,0,105.59867452135494,105.59867452135494,0
1620108260,2927338617728001054,3,udp,8919,1351,0,142635,0,0.0074,0.0005,0.0083,0,0,0.0,0,0,0,0,0,0,105.57735011102886,105.57735011102886,0
1620108260,2799980381455755358,3,udp,8939,235,0,16344,0,0.0422,0.0032,0.0455,0,0,0.0,0,0,0,0,0,0,69.54893617021277,69.54893617021277,0
1620108260,6519910952100530926,3,udp,8939,233,0,16175,0,0.0424,0.0032,0.0455,0,0,0.0,0,0,0,0,0,0,69.4206008583691,69.4206008583691,0
1620108260,-6525244025008630354,3,udp,8919,1299,0,137314,0,0.0074,0.0005,0.0083,0,0,0.0,0,0,0,0,0,0,105.70746728252502,105.70746728252502,0
1620108260,-2192359952311136081,3,tcp,8909,30,30,34444,1980,0.2692,0.1044,0.5,0,0.2802,0.1131,0.5,0,0,0,0,0,607.0666666666667,1148.1333333333334,66.0
1620108260,8463686847537373114,3,tcp,8901,33,34,37846,2252,0.2275,0.0687,0.3333,0,0.2389,0.0866,0.5,0,0,0,0,0,598.4776119402985,1146.8484848484848,66.23529411764706
1620108260,3464577259418622117,3,tcp,8905,30,31,32904,2054,0.2525,0.0755,0.3333,0,0.2643,0.0906,0.5,0,0,0,0,0,573.0819672131148,1096.8,66.25806451612904
1620108260,-7123874084409292422,3,tcp,8906,26,26,32711,1716,0.3333,0.135,0.5,0,0.3235,0.1242,0.5,0,0,0,0,0,662.0576923076923,1258.1153846153845,66.0
1620108260,731698937068297385,3,tcp,8903,27,25,31901,1650,0.3125,0.1197,0.5,0,0.3235,0.1242,0.5,0,0,0,0,0,645.2115384615385,1181.5185185185185,66.0
1620108260,4216945226110621372,3,tcp,8904,26,26,36337,1716,0.3177,0.1071,0.5,0,0.3284,0.1124,0.5,0,0,0,0,0,731.7884615384615,1397.576923076923,66.0
1620108260,-7614794775024377912,3,tcp,8902,27,27,29438,1782,0.3284,0.1124,0.5,0,0.3148,0.113,0.5,0,0,0,0,0,578.1481481481482,1090.2962962962963,66.0
1620108260,-4311810155494617496,3,tcp,8907,26,26,27773,1716,0.35,0.1333,0.5,0,0.3385,0.1231,0.5,0,0,0,0,0,567.0961538461538,1068.1923076923076,66.0
1620108260,6658223014857324628,3,tcp,8908,29,29,35676,1914,0.3083,0.1297,0.5,0,0.3009,0.1184,0.5,0,0,0,0,0,648.1034482758621,1230.2068965517242,66.0
1620108260,-1576495053599406844,3,tcp,8900,28,28,31202,1848,0.2898,0.1117,0.5,0,0.2833,0.0982,0.5,0,0,0,0,0,590.1785714285714,1114.357142857143,66.0
